<?xml version="1.0" encoding="UTF-8"?>

<Bundle xmlns="http://hl7.org/fhir">
  <id value="6337a67c-47d8-46c9-a560-3eceea936c76"/>
  <meta>
    <lastUpdated value="2018-07-09T15:27:41.416-07:00"/>
  </meta>
  <type value="collection"/>
  <entry>
    <fullUrl value="http://hl7.org/fhir/smart-app-launch/ValueSet/cap-codes"/>
    <resource>
      <ValueSet>
        <id value="cap-codes"/>
        <meta>
          <profile value="http://hl7.org/fhir/StructureDefinition/shareablevalueset"/>
        </meta>
        <text>
          <status value="generated"/>
          <div xmlns="http://www.w3.org/1999/xhtml">
            <p>This value set contains 14 concepts</p>
            <p style="border: black 1px dotted; background-color: #EEEEEE; padding: 8px">Expansion based on http://hl7.org/fhir/smart-app-launch/CodeSystem/cap-codes version 1.0.0</p>
            <p>All codes from system 
              <a href="CodeSystem-cap-codes.html">
                <code>http://hl7.org/fhir/smart-app-launch/CodeSystem/cap-codes</code>
              </a>
            </p>
            <table class="codes">
              <tr>
                <td style="white-space:nowrap">
                  <b>Code</b>
                </td>
                <td>
                  <b>Display</b>
                </td>
                <td>
                  <b>Definition</b>
                </td>
              </tr>
              <tr>
                <td style="white-space:nowrap">
                  <a name="http---hl7.org-fhir-smart-app-launch-CodeSystem-cap-codes-launch-ehr"> </a>
                  <a href="CodeSystem-cap-codes.html#cap-codes-launch-ehr">launch-ehr</a>
                </td>
                <td>Launch Ehr</td>
                <td>support for SMART&#39;s EHR Launch mode</td>
              </tr>
              <tr>
                <td style="white-space:nowrap">
                  <a name="http---hl7.org-fhir-smart-app-launch-CodeSystem-cap-codes-launch-standalone"> </a>
                  <a href="CodeSystem-cap-codes.html#cap-codes-launch-standalone">launch-standalone</a>
                </td>
                <td>Launch Standalone</td>
                <td>support for SMART&#39;s Standalone Launch mode</td>
              </tr>
              <tr>
                <td style="white-space:nowrap">
                  <a name="http---hl7.org-fhir-smart-app-launch-CodeSystem-cap-codes-client-public"> </a>
                  <a href="CodeSystem-cap-codes.html#cap-codes-client-public">client-public</a>
                </td>
                <td>Client Public</td>
                <td>support for SMART&#39;s public client profile (no client authentication)</td>
              </tr>
              <tr>
                <td style="white-space:nowrap">
                  <a name="http---hl7.org-fhir-smart-app-launch-CodeSystem-cap-codes-client-confidential-symmetric"> </a>
                  <a href="CodeSystem-cap-codes.html#cap-codes-client-confidential-symmetric">client-confidential-symmetric</a>
                </td>
                <td>Client Confidential Symmetric</td>
                <td>support for SMART&#39;s confidential client profile (symmetric client secret authentication)</td>
              </tr>
              <tr>
                <td style="white-space:nowrap">
                  <a name="http---hl7.org-fhir-smart-app-launch-CodeSystem-cap-codes-sso-openid-connect"> </a>
                  <a href="CodeSystem-cap-codes.html#cap-codes-sso-openid-connect">sso-openid-connect</a>
                </td>
                <td>Sso Openid Connect</td>
                <td>support for SMART&#39;s OpenID Connect profile</td>
              </tr>
              <tr>
                <td style="white-space:nowrap">
                  <a name="http---hl7.org-fhir-smart-app-launch-CodeSystem-cap-codes-context-banner"> </a>
                  <a href="CodeSystem-cap-codes.html#cap-codes-context-banner">context-banner</a>
                </td>
                <td>Context Banner</td>
                <td>support for &quot;need patient banner&quot; launch context (conveyed via `need_patient_banner` token paramete</td>
              </tr>
              <tr>
                <td style="white-space:nowrap">
                  <a name="http---hl7.org-fhir-smart-app-launch-CodeSystem-cap-codes-context-style"> </a>
                  <a href="CodeSystem-cap-codes.html#cap-codes-context-style">context-style</a>
                </td>
                <td>Context Style</td>
                <td>support for &quot;SMART style URL&quot; launch context (conveyed via `smart_style_url` token parameter)</td>
              </tr>
              <tr>
                <td style="white-space:nowrap">
                  <a name="http---hl7.org-fhir-smart-app-launch-CodeSystem-cap-codes-context-ehr-patient"> </a>
                  <a href="CodeSystem-cap-codes.html#cap-codes-context-ehr-patient">context-ehr-patient</a>
                </td>
                <td>Context Ehr Patient</td>
                <td>support for patient-level launch context (requested by `launch/patient` scope, conveyed via `patient` token parameter)</td>
              </tr>
              <tr>
                <td style="white-space:nowrap">
                  <a name="http---hl7.org-fhir-smart-app-launch-CodeSystem-cap-codes-context-ehr-encounter"> </a>
                  <a href="CodeSystem-cap-codes.html#cap-codes-context-ehr-encounter">context-ehr-encounter</a>
                </td>
                <td>Context Ehr Encounter</td>
                <td>support for encounter-level launch context (requested by `launch/encounter` scope, conveyed via `encounter` token parameter)</td>
              </tr>
              <tr>
                <td style="white-space:nowrap">
                  <a name="http---hl7.org-fhir-smart-app-launch-CodeSystem-cap-codes-context-standalone-patient"> </a>
                  <a href="CodeSystem-cap-codes.html#cap-codes-context-standalone-patient">context-standalone-patient</a>
                </td>
                <td>Context Standalone Patient</td>
                <td>support for patient-level launch context (requested by `launch/patient` scope, conveyed via `patient` token parameter)</td>
              </tr>
              <tr>
                <td style="white-space:nowrap">
                  <a name="http---hl7.org-fhir-smart-app-launch-CodeSystem-cap-codes-context-standalone-encounter"> </a>
                  <a href="CodeSystem-cap-codes.html#cap-codes-context-standalone-encounter">context-standalone-encounter</a>
                </td>
                <td>Context Standalone Encounter</td>
                <td>support for encounter-level launch context (requested by `launch/encounter` scope, conveyed via `encounter` token parameter)</td>
              </tr>
              <tr>
                <td style="white-space:nowrap">
                  <a name="http---hl7.org-fhir-smart-app-launch-CodeSystem-cap-codes-permission-offline"> </a>
                  <a href="CodeSystem-cap-codes.html#cap-codes-permission-offline">permission-offline</a>
                </td>
                <td>Permission Offline</td>
                <td>support for refresh tokens (requested by `offline_access` scope)</td>
              </tr>
              <tr>
                <td style="white-space:nowrap">
                  <a name="http---hl7.org-fhir-smart-app-launch-CodeSystem-cap-codes-permission-patient"> </a>
                  <a href="CodeSystem-cap-codes.html#cap-codes-permission-patient">permission-patient</a>
                </td>
                <td>Permission Patient</td>
                <td>support for patient-level scopes (e.g. `patient/Observation.read`)</td>
              </tr>
              <tr>
                <td style="white-space:nowrap">
                  <a name="http---hl7.org-fhir-smart-app-launch-CodeSystem-cap-codes-permission-user"> </a>
                  <a href="CodeSystem-cap-codes.html#cap-codes-permission-user">permission-user</a>
                </td>
                <td>Permission User</td>
                <td>support for user-level scopes (e.g. `user/Appointment.read`)</td>
              </tr>
            </table>
          </div>
        </text>
        <url value="http://hl7.org/fhir/smart-app-launch/ValueSet/cap-codes"/>
        <version value="1.0.0"/>
        <name value="CapabilityCodes"/>
        <status value="draft"/>
        <date value="2018-07-09T15:27:41-07:00"/>
        <contact>
          <telecom>
            <system value="url"/>
          </telecom>
          <telecom>
            <system value="email"/>
          </telecom>
        </contact>
        <description value="Codes describing *optional* SMART features"/>
        <immutable value="true"/>
        <expansion>
          <identifier value="urn:uuid:0fc43169-97e3-42dd-a23d-06de9fb2b783"/>
          <timestamp value="2018-07-07T08:29:49-07:00"/>
          <total value="14"/>
          <parameter>
            <name value="excludeNested"/>
            <valueBoolean value="false"/>
          </parameter>
          <parameter>
            <name value="version"/>
            <valueUri value="http://hl7.org/fhir/smart-app-launch/CodeSystem/cap-codes|1.0.0"/>
          </parameter>
          <contains>
            <system value="http://hl7.org/fhir/smart-app-launch/CodeSystem/cap-codes"/>
            <code value="launch-ehr"/>
            <display value="Launch Ehr"/>
          </contains>
          <contains>
            <system value="http://hl7.org/fhir/smart-app-launch/CodeSystem/cap-codes"/>
            <code value="launch-standalone"/>
            <display value="Launch Standalone"/>
          </contains>
          <contains>
            <system value="http://hl7.org/fhir/smart-app-launch/CodeSystem/cap-codes"/>
            <code value="client-public"/>
            <display value="Client Public"/>
          </contains>
          <contains>
            <system value="http://hl7.org/fhir/smart-app-launch/CodeSystem/cap-codes"/>
            <code value="client-confidential-symmetric"/>
            <display value="Client Confidential Symmetric"/>
          </contains>
          <contains>
            <system value="http://hl7.org/fhir/smart-app-launch/CodeSystem/cap-codes"/>
            <code value="sso-openid-connect"/>
            <display value="Sso Openid Connect"/>
          </contains>
          <contains>
            <system value="http://hl7.org/fhir/smart-app-launch/CodeSystem/cap-codes"/>
            <code value="context-banner"/>
            <display value="Context Banner"/>
          </contains>
          <contains>
            <system value="http://hl7.org/fhir/smart-app-launch/CodeSystem/cap-codes"/>
            <code value="context-style"/>
            <display value="Context Style"/>
          </contains>
          <contains>
            <system value="http://hl7.org/fhir/smart-app-launch/CodeSystem/cap-codes"/>
            <code value="context-ehr-patient"/>
            <display value="Context Ehr Patient"/>
          </contains>
          <contains>
            <system value="http://hl7.org/fhir/smart-app-launch/CodeSystem/cap-codes"/>
            <code value="context-ehr-encounter"/>
            <display value="Context Ehr Encounter"/>
          </contains>
          <contains>
            <system value="http://hl7.org/fhir/smart-app-launch/CodeSystem/cap-codes"/>
            <code value="context-standalone-patient"/>
            <display value="Context Standalone Patient"/>
          </contains>
          <contains>
            <system value="http://hl7.org/fhir/smart-app-launch/CodeSystem/cap-codes"/>
            <code value="context-standalone-encounter"/>
            <display value="Context Standalone Encounter"/>
          </contains>
          <contains>
            <system value="http://hl7.org/fhir/smart-app-launch/CodeSystem/cap-codes"/>
            <code value="permission-offline"/>
            <display value="Permission Offline"/>
          </contains>
          <contains>
            <system value="http://hl7.org/fhir/smart-app-launch/CodeSystem/cap-codes"/>
            <code value="permission-patient"/>
            <display value="Permission Patient"/>
          </contains>
          <contains>
            <system value="http://hl7.org/fhir/smart-app-launch/CodeSystem/cap-codes"/>
            <code value="permission-user"/>
            <display value="Permission User"/>
          </contains>
        </expansion>
      </ValueSet>
    </resource>
  </entry>
</Bundle>