{"resourceType":"ValueSet","id":"cap-codes","meta":{"profile":["http://hl7.org/fhir/StructureDefinition/shareablevalueset"]},"text":{"status":"generated","div":"<div xmlns=\"http://www.w3.org/1999/xhtml\"><h2>CapabilityCodes</h2><div><p>Codes describing <em>optional</em> SMART features</p>\n</div><p>This value set includes codes from the following code systems:</p><ul><li>Include all codes defined in <a href=\"CodeSystem-cap-codes.html\"><code>http://hl7.org/fhir/smart-app-launch/CodeSystem/cap-codes</code></a></li></ul></div>"},"url":"http://hl7.org/fhir/smart-app-launch/ValueSet/cap-codes","version":"1.0.0","name":"CapabilityCodes","status":"draft","date":"2018-07-09T16:57:28-07:00","contact":[{"telecom":[{"system":"url"},{"system":"email"}]}],"description":"Codes describing *optional* SMART features","immutable":true,"compose":{"include":[{"system":"http://hl7.org/fhir/smart-app-launch/CodeSystem/cap-codes"}]}}