{
  "resourceType" : "Bundle",
  "id" : "6337a67c-47d8-46c9-a560-3eceea936c76",
  "meta" : {
    "lastUpdated" : "2018-07-09T15:27:41.416-07:00"
  },
  "type" : "collection",
  "entry" : [{
    "fullUrl" : "http://hl7.org/fhir/smart-app-launch/ValueSet/cap-codes",
    "resource" : {
      "resourceType" : "ValueSet",
      "id" : "cap-codes",
      "meta" : {
        "profile" : ["http://hl7.org/fhir/StructureDefinition/shareablevalueset"]
      },
      "text" : {
        "status" : "generated",
        "div" : "<div xmlns=\"http://www.w3.org/1999/xhtml\"><p>This value set contains 14 concepts</p><p style=\"border: black 1px dotted; background-color: #EEEEEE; padding: 8px\">Expansion based on http://hl7.org/fhir/smart-app-launch/CodeSystem/cap-codes version 1.0.0</p><p>All codes from system <a href=\"CodeSystem-cap-codes.html\"><code>http://hl7.org/fhir/smart-app-launch/CodeSystem/cap-codes</code></a></p><table class=\"codes\"><tr><td style=\"white-space:nowrap\"><b>Code</b></td><td><b>Display</b></td><td><b>Definition</b></td></tr><tr><td style=\"white-space:nowrap\"><a name=\"http---hl7.org-fhir-smart-app-launch-CodeSystem-cap-codes-launch-ehr\"> </a><a href=\"CodeSystem-cap-codes.html#cap-codes-launch-ehr\">launch-ehr</a></td><td>Launch Ehr</td><td>support for SMART\'s EHR Launch mode</td></tr><tr><td style=\"white-space:nowrap\"><a name=\"http---hl7.org-fhir-smart-app-launch-CodeSystem-cap-codes-launch-standalone\"> </a><a href=\"CodeSystem-cap-codes.html#cap-codes-launch-standalone\">launch-standalone</a></td><td>Launch Standalone</td><td>support for SMART\'s Standalone Launch mode</td></tr><tr><td style=\"white-space:nowrap\"><a name=\"http---hl7.org-fhir-smart-app-launch-CodeSystem-cap-codes-client-public\"> </a><a href=\"CodeSystem-cap-codes.html#cap-codes-client-public\">client-public</a></td><td>Client Public</td><td>support for SMART\'s public client profile (no client authentication)</td></tr><tr><td style=\"white-space:nowrap\"><a name=\"http---hl7.org-fhir-smart-app-launch-CodeSystem-cap-codes-client-confidential-symmetric\"> </a><a href=\"CodeSystem-cap-codes.html#cap-codes-client-confidential-symmetric\">client-confidential-symmetric</a></td><td>Client Confidential Symmetric</td><td>support for SMART\'s confidential client profile (symmetric client secret authentication)</td></tr><tr><td style=\"white-space:nowrap\"><a name=\"http---hl7.org-fhir-smart-app-launch-CodeSystem-cap-codes-sso-openid-connect\"> </a><a href=\"CodeSystem-cap-codes.html#cap-codes-sso-openid-connect\">sso-openid-connect</a></td><td>Sso Openid Connect</td><td>support for SMART\'s OpenID Connect profile</td></tr><tr><td style=\"white-space:nowrap\"><a name=\"http---hl7.org-fhir-smart-app-launch-CodeSystem-cap-codes-context-banner\"> </a><a href=\"CodeSystem-cap-codes.html#cap-codes-context-banner\">context-banner</a></td><td>Context Banner</td><td>support for &quot;need patient banner&quot; launch context (conveyed via `need_patient_banner` token paramete</td></tr><tr><td style=\"white-space:nowrap\"><a name=\"http---hl7.org-fhir-smart-app-launch-CodeSystem-cap-codes-context-style\"> </a><a href=\"CodeSystem-cap-codes.html#cap-codes-context-style\">context-style</a></td><td>Context Style</td><td>support for &quot;SMART style URL&quot; launch context (conveyed via `smart_style_url` token parameter)</td></tr><tr><td style=\"white-space:nowrap\"><a name=\"http---hl7.org-fhir-smart-app-launch-CodeSystem-cap-codes-context-ehr-patient\"> </a><a href=\"CodeSystem-cap-codes.html#cap-codes-context-ehr-patient\">context-ehr-patient</a></td><td>Context Ehr Patient</td><td>support for patient-level launch context (requested by `launch/patient` scope, conveyed via `patient` token parameter)</td></tr><tr><td style=\"white-space:nowrap\"><a name=\"http---hl7.org-fhir-smart-app-launch-CodeSystem-cap-codes-context-ehr-encounter\"> </a><a href=\"CodeSystem-cap-codes.html#cap-codes-context-ehr-encounter\">context-ehr-encounter</a></td><td>Context Ehr Encounter</td><td>support for encounter-level launch context (requested by `launch/encounter` scope, conveyed via `encounter` token parameter)</td></tr><tr><td style=\"white-space:nowrap\"><a name=\"http---hl7.org-fhir-smart-app-launch-CodeSystem-cap-codes-context-standalone-patient\"> </a><a href=\"CodeSystem-cap-codes.html#cap-codes-context-standalone-patient\">context-standalone-patient</a></td><td>Context Standalone Patient</td><td>support for patient-level launch context (requested by `launch/patient` scope, conveyed via `patient` token parameter)</td></tr><tr><td style=\"white-space:nowrap\"><a name=\"http---hl7.org-fhir-smart-app-launch-CodeSystem-cap-codes-context-standalone-encounter\"> </a><a href=\"CodeSystem-cap-codes.html#cap-codes-context-standalone-encounter\">context-standalone-encounter</a></td><td>Context Standalone Encounter</td><td>support for encounter-level launch context (requested by `launch/encounter` scope, conveyed via `encounter` token parameter)</td></tr><tr><td style=\"white-space:nowrap\"><a name=\"http---hl7.org-fhir-smart-app-launch-CodeSystem-cap-codes-permission-offline\"> </a><a href=\"CodeSystem-cap-codes.html#cap-codes-permission-offline\">permission-offline</a></td><td>Permission Offline</td><td>support for refresh tokens (requested by `offline_access` scope)</td></tr><tr><td style=\"white-space:nowrap\"><a name=\"http---hl7.org-fhir-smart-app-launch-CodeSystem-cap-codes-permission-patient\"> </a><a href=\"CodeSystem-cap-codes.html#cap-codes-permission-patient\">permission-patient</a></td><td>Permission Patient</td><td>support for patient-level scopes (e.g. `patient/Observation.read`)</td></tr><tr><td style=\"white-space:nowrap\"><a name=\"http---hl7.org-fhir-smart-app-launch-CodeSystem-cap-codes-permission-user\"> </a><a href=\"CodeSystem-cap-codes.html#cap-codes-permission-user\">permission-user</a></td><td>Permission User</td><td>support for user-level scopes (e.g. `user/Appointment.read`)</td></tr></table></div>"
      },
      "url" : "http://hl7.org/fhir/smart-app-launch/ValueSet/cap-codes",
      "version" : "1.0.0",
      "name" : "CapabilityCodes",
      "status" : "draft",
      "date" : "2018-07-09T15:27:41-07:00",
      "contact" : [{
        "telecom" : [{
          "system" : "url"
        },
        {
          "system" : "email"
        }]
      }],
      "description" : "Codes describing *optional* SMART features",
      "immutable" : true,
      "expansion" : {
        "identifier" : "urn:uuid:0fc43169-97e3-42dd-a23d-06de9fb2b783",
        "timestamp" : "2018-07-07T08:29:49-07:00",
        "total" : 14,
        "parameter" : [{
          "name" : "excludeNested",
          "valueBoolean" : false
        },
        {
          "name" : "version",
          "valueUri" : "http://hl7.org/fhir/smart-app-launch/CodeSystem/cap-codes|1.0.0"
        }],
        "contains" : [{
          "system" : "http://hl7.org/fhir/smart-app-launch/CodeSystem/cap-codes",
          "code" : "launch-ehr",
          "display" : "Launch Ehr"
        },
        {
          "system" : "http://hl7.org/fhir/smart-app-launch/CodeSystem/cap-codes",
          "code" : "launch-standalone",
          "display" : "Launch Standalone"
        },
        {
          "system" : "http://hl7.org/fhir/smart-app-launch/CodeSystem/cap-codes",
          "code" : "client-public",
          "display" : "Client Public"
        },
        {
          "system" : "http://hl7.org/fhir/smart-app-launch/CodeSystem/cap-codes",
          "code" : "client-confidential-symmetric",
          "display" : "Client Confidential Symmetric"
        },
        {
          "system" : "http://hl7.org/fhir/smart-app-launch/CodeSystem/cap-codes",
          "code" : "sso-openid-connect",
          "display" : "Sso Openid Connect"
        },
        {
          "system" : "http://hl7.org/fhir/smart-app-launch/CodeSystem/cap-codes",
          "code" : "context-banner",
          "display" : "Context Banner"
        },
        {
          "system" : "http://hl7.org/fhir/smart-app-launch/CodeSystem/cap-codes",
          "code" : "context-style",
          "display" : "Context Style"
        },
        {
          "system" : "http://hl7.org/fhir/smart-app-launch/CodeSystem/cap-codes",
          "code" : "context-ehr-patient",
          "display" : "Context Ehr Patient"
        },
        {
          "system" : "http://hl7.org/fhir/smart-app-launch/CodeSystem/cap-codes",
          "code" : "context-ehr-encounter",
          "display" : "Context Ehr Encounter"
        },
        {
          "system" : "http://hl7.org/fhir/smart-app-launch/CodeSystem/cap-codes",
          "code" : "context-standalone-patient",
          "display" : "Context Standalone Patient"
        },
        {
          "system" : "http://hl7.org/fhir/smart-app-launch/CodeSystem/cap-codes",
          "code" : "context-standalone-encounter",
          "display" : "Context Standalone Encounter"
        },
        {
          "system" : "http://hl7.org/fhir/smart-app-launch/CodeSystem/cap-codes",
          "code" : "permission-offline",
          "display" : "Permission Offline"
        },
        {
          "system" : "http://hl7.org/fhir/smart-app-launch/CodeSystem/cap-codes",
          "code" : "permission-patient",
          "display" : "Permission Patient"
        },
        {
          "system" : "http://hl7.org/fhir/smart-app-launch/CodeSystem/cap-codes",
          "code" : "permission-user",
          "display" : "Permission User"
        }]
      }
    }
  }]
}