{"resourceType":"CodeSystem","id":"cap-codes","text":{"status":"generated","div":"<div xmlns=\"http://www.w3.org/1999/xhtml\"><h2>CapabilityCodes</h2><div><p>Codes describing <em>optional</em> SMART features</p>\n</div><p>This code system http://hl7.org/fhir/smart-app-launch/CodeSystem/cap-codes defines the following codes:</p><table class=\"codes\"><tr><td style=\"white-space:nowrap\"><b>Code</b></td><td><b>Display</b></td><td><b>Definition</b></td></tr><tr><td style=\"white-space:nowrap\">launch-ehr<a name=\"cap-codes-launch-ehr\"> </a></td><td>Launch Ehr</td><td>support for SMART's EHR Launch mode</td></tr><tr><td style=\"white-space:nowrap\">launch-standalone<a name=\"cap-codes-launch-standalone\"> </a></td><td>Launch Standalone</td><td>support for SMART's Standalone Launch mode</td></tr><tr><td style=\"white-space:nowrap\">client-public<a name=\"cap-codes-client-public\"> </a></td><td>Client Public</td><td>support for SMART's public client profile (no client authentication)</td></tr><tr><td style=\"white-space:nowrap\">client-confidential-symmetric<a name=\"cap-codes-client-confidential-symmetric\"> </a></td><td>Client Confidential Symmetric</td><td>support for SMART's confidential client profile (symmetric client secret authentication)</td></tr><tr><td style=\"white-space:nowrap\">sso-openid-connect<a name=\"cap-codes-sso-openid-connect\"> </a></td><td>Sso Openid Connect</td><td>support for SMART's OpenID Connect profile</td></tr><tr><td style=\"white-space:nowrap\">context-banner<a name=\"cap-codes-context-banner\"> </a></td><td>Context Banner</td><td>support for &quot;need patient banner&quot; launch context (conveyed via `need_patient_banner` token paramete</td></tr><tr><td style=\"white-space:nowrap\">context-style<a name=\"cap-codes-context-style\"> </a></td><td>Context Style</td><td>support for &quot;SMART style URL&quot; launch context (conveyed via `smart_style_url` token parameter)</td></tr><tr><td style=\"white-space:nowrap\">context-ehr-patient<a name=\"cap-codes-context-ehr-patient\"> </a></td><td>Context Ehr Patient</td><td>support for patient-level launch context (requested by `launch/patient` scope, conveyed via `patient` token parameter)</td></tr><tr><td style=\"white-space:nowrap\">context-ehr-encounter<a name=\"cap-codes-context-ehr-encounter\"> </a></td><td>Context Ehr Encounter</td><td>support for encounter-level launch context (requested by `launch/encounter` scope, conveyed via `encounter` token parameter)</td></tr><tr><td style=\"white-space:nowrap\">context-standalone-patient<a name=\"cap-codes-context-standalone-patient\"> </a></td><td>Context Standalone Patient</td><td>support for patient-level launch context (requested by `launch/patient` scope, conveyed via `patient` token parameter)</td></tr><tr><td style=\"white-space:nowrap\">context-standalone-encounter<a name=\"cap-codes-context-standalone-encounter\"> </a></td><td>Context Standalone Encounter</td><td>support for encounter-level launch context (requested by `launch/encounter` scope, conveyed via `encounter` token parameter)</td></tr><tr><td style=\"white-space:nowrap\">permission-offline<a name=\"cap-codes-permission-offline\"> </a></td><td>Permission Offline</td><td>support for refresh tokens (requested by `offline_access` scope)</td></tr><tr><td style=\"white-space:nowrap\">permission-patient<a name=\"cap-codes-permission-patient\"> </a></td><td>Permission Patient</td><td>support for patient-level scopes (e.g. `patient/Observation.read`)</td></tr><tr><td style=\"white-space:nowrap\">permission-user<a name=\"cap-codes-permission-user\"> </a></td><td>Permission User</td><td>support for user-level scopes (e.g. `user/Appointment.read`)</td></tr></table></div>"},"url":"http://hl7.org/fhir/smart-app-launch/CodeSystem/cap-codes","version":"1.0.0","name":"CapabilityCodes","status":"draft","experimental":false,"date":"2018-07-09T16:41:59-07:00","contact":[{"telecom":[{"system":"url"},{"system":"email"}]}],"description":"Codes describing *optional* SMART features","caseSensitive":true,"valueSet":"http://hl7.org/fhir/smart-app-launch/ValueSet/cap-codes","content":"complete","concept":[{"code":"launch-ehr","display":"Launch Ehr","definition":"support for SMART's EHR Launch mode"},{"code":"launch-standalone","display":"Launch Standalone","definition":"support for SMART's Standalone Launch mode"},{"code":"client-public","display":"Client Public","definition":"support for SMART's public client profile (no client authentication)"},{"code":"client-confidential-symmetric","display":"Client Confidential Symmetric","definition":"support for SMART's confidential client profile (symmetric client secret authentication)"},{"code":"sso-openid-connect","display":"Sso Openid Connect","definition":"support for SMART's OpenID Connect profile"},{"code":"context-banner","display":"Context Banner","definition":"support for \"need patient banner\" launch context (conveyed via `need_patient_banner` token paramete"},{"code":"context-style","display":"Context Style","definition":"support for \"SMART style URL\" launch context (conveyed via `smart_style_url` token parameter)"},{"code":"context-ehr-patient","display":"Context Ehr Patient","definition":"support for patient-level launch context (requested by `launch/patient` scope, conveyed via `patient` token parameter)"},{"code":"context-ehr-encounter","display":"Context Ehr Encounter","definition":"support for encounter-level launch context (requested by `launch/encounter` scope, conveyed via `encounter` token parameter)"},{"code":"context-standalone-patient","display":"Context Standalone Patient","definition":"support for patient-level launch context (requested by `launch/patient` scope, conveyed via `patient` token parameter)"},{"code":"context-standalone-encounter","display":"Context Standalone Encounter","definition":"support for encounter-level launch context (requested by `launch/encounter` scope, conveyed via `encounter` token parameter)"},{"code":"permission-offline","display":"Permission Offline","definition":"support for refresh tokens (requested by `offline_access` scope)"},{"code":"permission-patient","display":"Permission Patient","definition":"support for patient-level scopes (e.g. `patient/Observation.read`)"},{"code":"permission-user","display":"Permission User","definition":"support for user-level scopes (e.g. `user/Appointment.read`)"}]}