<?xml version="1.0" encoding="UTF-8"?>

<ImplementationGuide xmlns="http://hl7.org/fhir">
  <id value="ig"/>
  <text>
    <status value="generated"/><div xmlns="http://www.w3.org/1999/xhtml"><h2>SMART Application Launch Framework</h2><p>The official URL for this implementation guide is: </p><pre>http://hl7.org/fhir/smart-app-launch/ImplementationGuide/ig</pre></div>
  </text>
  <url value="http://hl7.org/fhir/smart-app-launch/ImplementationGuide/ig"/>
  <version value="1.0.0"/>
  <name value="SMART Application Launch Framework"/>
  <status value="draft"/>
  <experimental value="false"/>
  <publisher value="FHIR Project"/>
  <fhirVersion value="3.0.1"/>
  <package id="p1">
    <name value="base"/>
    <resource>
      <extension url="http://hl7.org/fhir/StructureDefinition/implementationguide-page">
        <valueUri value="StructureDefinition-extension-oauth-uris.html"/>
      </extension>
      <example value="false"/>
      <sourceReference>
        <reference value="StructureDefinition/extension-oauth-uris"/>
      </sourceReference>
    </resource>
    <resource>
      <extension url="http://hl7.org/fhir/StructureDefinition/implementationguide-page">
        <valueUri value="StructureDefinition-extension-smart-capabilities.html"/>
      </extension>
      <example value="false"/>
      <sourceReference>
        <reference value="StructureDefinition/extension-smart-capabilities"/>
      </sourceReference>
    </resource>
    <resource>
      <extension url="http://hl7.org/fhir/StructureDefinition/implementationguide-page">
        <valueUri value="StructureDefinition-capabilitystatement-smartlaunch.html"/>
      </extension>
      <example value="false"/>
      <sourceReference>
        <reference value="StructureDefinition/capabilitystatement-smartlaunch"/>
      </sourceReference>
    </resource>
  </package>
  <package id="smartlaunch-profile-spreadsheet.xml">
    <name value="SMART on FHIR CapabilityStatement"/>
    <resource>
      <extension url="http://hl7.org/fhir/StructureDefinition/implementationguide-page">
        <valueUri value="ValueSet-cap-codes.html"/>
      </extension>
      <name value="CapabilityCodes"/>
      <sourceReference>
        <reference value="ValueSet/cap-codes"/>
      </sourceReference>
    </resource>
    <resource>
      <extension url="http://hl7.org/fhir/StructureDefinition/implementationguide-page">
        <valueUri value="CodeSystem-cap-codes.html"/>
      </extension>
      <name value="CapabilityCodes"/>
      <sourceReference>
        <reference value="CodeSystem/cap-codes"/>
      </sourceReference>
    </resource>
    <resource>
      <extension url="http://hl7.org/fhir/StructureDefinition/implementationguide-page">
        <valueUri value="StructureDefinition-extension-oauth-uris.html"/>
      </extension>
      <name value="Support for dicovery of OAuth2 endpoints"/>
      <sourceReference>
        <reference value="StructureDefinition/extension-oauth-uris"/>
      </sourceReference>
    </resource>
    <resource>
      <extension url="http://hl7.org/fhir/StructureDefinition/implementationguide-page">
        <valueUri value="StructureDefinition-extension-smart-capabilities.html"/>
      </extension>
      <name value="Support for optional SMART launch features"/>
      <sourceReference>
        <reference value="StructureDefinition/extension-smart-capabilities"/>
      </sourceReference>
    </resource>
    <resource>
      <extension url="http://hl7.org/fhir/StructureDefinition/implementationguide-page">
        <valueUri value="StructureDefinition-capabilitystatement-smartlaunch.html"/>
      </extension>
      <name value="SMART on FHIR CapabilityStatement"/>
      <sourceReference>
        <reference value="StructureDefinition/capabilitystatement-smartlaunch"/>
      </sourceReference>
    </resource>
  </package>
  <page>
    <source value="index.html"/>
    <title value="SMART App Launch"/>
    <kind value="page"/>
  </page>
</ImplementationGuide>